validation_rank,experiment_id,feature_set,classifier,accuracy,macro_precision,macro_recall,macro_f1,weighted_f1,fit_seconds,predict_seconds,normal_precision,normal_recall,normal_f1,normal_support,spam_precision,spam_recall,spam_f1,spam_support,phishing_precision,phishing_recall,phishing_f1,phishing_support,confidence_capability,english_validation_rows,english_macro_f1,english_normal_recall,english_spam_recall,english_phishing_recall,translated_vietnamese_validation_rows,translated_vietnamese_macro_f1_supported_classes,translated_vietnamese_three_class_macro_f1,translated_vietnamese_normal_recall,translated_vietnamese_spam_recall,translated_vietnamese_phishing_recall,existing_translated_vietnamese_rows,existing_translated_vietnamese_macro_f1_supported_classes,controlled_translation_validation_rows,controlled_translation_macro_f1,language_balance_gap,normal_false_positive_rate,deployability_rank,candidate_pipeline,candidate_pipeline_sha256,v1_reference_macro_f1,english_macro_f1_delta_vs_v1_reference,v1_reference_phishing_recall,english_phishing_recall_delta_vs_v1_reference,recommended_tfidf_candidate
1,word_tfidf__linear_svm,Word TF-IDF,Linear SVM (uncalibrated),0.9967208227753763,0.9954872481666049,0.97729622767527,0.9861903477709658,0.9966931239691434,2.9707789000003686,2.7067651999996087,0.9969085584119752,0.999510603588907,0.9982078853046595,6130,0.9961538461538462,0.9487179487179487,0.9718574108818011,273,0.9933993399339934,0.9836601307189542,0.9885057471264368,306,unavailable_uncalibrated,6529,0.9885152848430963,0.9996643168848607,0.9584905660377359,0.9836601307189542,180,0.8788350377945754,,0.9941860465116279,0.625,,180,0.8788350377945754,0,,0.10968024704852086,0.0004893964110930238,1,models/v2_bilingual/candidates/word_tfidf__linear_svm.joblib,68bbcb3e425df13bd4343386420f71f8579af0beea03c8916dfc043662cda37e,0.9914344995755523,-0.0029192147324560436,0.9870689655172413,-0.0034088347982871303,True
2,word_character_tfidf__linear_svm,Word + Character TF-IDF,Linear SVM (uncalibrated),0.9965717692651662,0.9954234814837303,0.9763385796587984,0.9856941105226472,0.9965451711387088,13.035744900000282,14.74275680000028,0.9967463803481373,0.999510603588907,0.9981265781542722,6130,0.9961685823754789,0.9523809523809523,0.9737827715355806,273,0.9933554817275747,0.9771241830065359,0.985172981878089,306,unavailable_uncalibrated,6529,0.9880309819847617,0.9996643168848607,0.9622641509433962,0.9771241830065359,180,0.8788350377945754,,0.9941860465116279,0.625,,180,0.8788350377945754,0,,0.1091959441901863,0.0004893964110930238,1,models/v2_bilingual/candidates/word_character_tfidf__linear_svm.joblib,0e529e7f2d38625f1694e00e9dcb761f9261d7b98eb420d80fdda92dc9ed8fc6,0.9914344995755523,-0.0034035175907906057,0.9870689655172413,-0.009944782510705408,False
3,character_tfidf__linear_svm,Character TF-IDF,Linear SVM (uncalibrated),0.9962736622447459,0.9940967244723997,0.9753265542633166,0.9845541502466416,0.9962472910135982,10.57428339999933,14.747967700000117,0.9965836993655441,0.999347471451876,0.9979636719068177,6130,0.9923954372623575,0.9560439560439561,0.9738805970149254,273,0.9933110367892977,0.9705882352941176,0.9818181818181818,306,unavailable_uncalibrated,6529,0.9868836943783887,0.999496475327291,0.9660377358490566,0.9705882352941176,180,0.8788350377945754,,0.9941860465116279,0.625,,180,0.8788350377945754,0,,0.10804865658381335,0.0006525285481240317,1,models/v2_bilingual/candidates/character_tfidf__linear_svm.joblib,08a89b4f648a3d9ee60b2614e4dcea6fa3f04f7b85429fe56e5da78973d523d0,0.9914344995755523,-0.004550805197163554,0.9870689655172413,-0.016480730223123685,False
4,word_character_tfidf__logistic_regression,Word + Character TF-IDF,Logistic Regression,0.9956774482039052,0.9810370015351627,0.9840470056764078,0.9825342451716231,0.9956823723913312,14.032521699999961,16.330429399999957,0.9978782438387466,0.9973898858075041,0.997634005058334,6130,0.9743589743589743,0.9743589743589743,0.9743589743589743,273,0.970873786407767,0.9803921568627451,0.975609756097561,306,native_predict_proba,6529,0.9847688502219722,0.9978180597515945,0.9773584905660377,0.9803921568627451,180,0.9059167526659786,,0.9825581395348837,0.875,,180,0.9059167526659786,0,,0.07885209755599365,0.002610114192495905,0,models/v2_bilingual/candidates/word_character_tfidf__logistic_regression.joblib,eb8f8f33a120e31b4c2a06038e67d865e7394317dc75be6099cba172e52bbc0d,0.9914344995755523,-0.00666564935358005,0.9870689655172413,-0.006676808654496269,False
5,word_tfidf__logistic_regression,Word TF-IDF,Logistic Regression,0.9944850201222238,0.9716820001437049,0.9834803100420603,0.9775066114105236,0.9945130986606826,3.660686999999598,2.576151100000061,0.9978754698480143,0.9960848287112561,0.9969793452526737,6130,0.9430604982206405,0.9706959706959707,0.9566787003610109,273,0.9741100323624595,0.9836601307189542,0.9788617886178862,306,native_predict_proba,6529,0.9801517747199987,0.9966431688486069,0.9735849056603774,0.9836601307189542,180,0.8815575105897686,,0.9767441860465116,0.875,,180,0.8815575105897686,0,,0.09859426413023009,0.003915171288743857,0,models/v2_bilingual/candidates/word_tfidf__logistic_regression.joblib,b329869bf7eecebfb17fe4a6f0e7788732205d063ef858f6cdfeea39438f962d,0.9914344995755523,-0.011282724855553594,0.9870689655172413,-0.0034088347982871303,False
6,character_tfidf__logistic_regression,Character TF-IDF,Logistic Regression,0.9937397525711731,0.9645763544682721,0.9856733474332553,0.9749096856734281,0.9937905141564833,12.489475100000163,14.832503499999802,0.9981996726677578,0.9949429037520392,0.9965686274509804,6130,0.9370629370629371,0.9816849816849816,0.9588550983899821,273,0.9584664536741214,0.9803921568627451,0.9693053311793215,306,native_predict_proba,6529,0.9806087309443295,0.9963074857334676,0.9849056603773585,0.9803921568627451,180,0.8033008658008658,,0.9476744186046512,0.875,,180,0.8033008658008658,0,,0.17730786514346375,0.005057096247960802,0,models/v2_bilingual/candidates/character_tfidf__logistic_regression.joblib,3b719cb691f96abb05922c6c6317c4f64099f1fe3964640c3ccc5a71ecc3067a,0.9914344995755523,-0.010825768631222754,0.9870689655172413,-0.006676808654496269,False
7,word_tfidf__multinomial_naive_bayes,Word TF-IDF,Multinomial Naive Bayes,0.9560292144880012,0.8156193433810381,0.8587902890273104,0.8339404948563449,0.9582367841136842,25.321566200000234,2.7544473999996626,0.9818331957060281,0.9698205546492659,0.975789905621666,6130,0.53125,0.684981684981685,0.5984,273,0.9337748344370861,0.9215686274509803,0.9276315789473685,306,native_predict_proba,6529,0.9024535455830559,0.9953004363880497,0.6754716981132075,0.9215686274509803,180,0.1275511818498244,,0.0872093023255814,1.0,,180,0.1275511818498244,0,,0.7749023637332315,0.030179445350734135,0,models/v2_bilingual/candidates/word_tfidf__multinomial_naive_bayes.joblib,069407946259c3af69e3f27b90069330e5f80023cf104f7b3b5805c1f8d42ba1,0.9914344995755523,-0.08898095399249639,0.9870689655172413,-0.06550033806626099,False
8,word_character_tfidf__multinomial_naive_bayes,Word + Character TF-IDF,Multinomial Naive Bayes,0.9339692949768967,0.7570594841274355,0.7122883464117512,0.7306533429465983,0.9347674264194173,93.92910519999987,18.4566377000001,0.9618320610687023,0.966068515497553,0.9639456335964841,6130,0.38311688311688313,0.43223443223443225,0.40619621342512907,273,0.9262295081967213,0.738562091503268,0.8218181818181818,306,native_predict_proba,6529,0.7849171815023862,0.9934541792547835,0.41509433962264153,0.738562091503268,180,0.060386100386100386,,0.01744186046511628,1.0,,180,0.060386100386100386,0,,0.7245310811162858,0.033931484502446985,0,models/v2_bilingual/candidates/word_character_tfidf__multinomial_naive_bayes.joblib,265aa3734ce287e64781d31866afefeb492ac111d7a01302803dd6d7166d8697,0.9914344995755523,-0.2065173180731661,0.9870689655172413,-0.2485068740139733,False
9,character_tfidf__multinomial_naive_bayes,Character TF-IDF,Multinomial Naive Bayes,0.921597853629453,0.7127830739293669,0.6527357469109699,0.6769161062796432,0.922022407747207,77.06062629999997,14.616023999999925,0.9538386783284742,0.9606851549755302,0.9572496749024707,6130,0.30293159609120524,0.34065934065934067,0.32068965517241377,273,0.881578947368421,0.6568627450980392,0.7528089887640449,306,native_predict_proba,6529,0.7183107826019657,0.9880832494125545,0.32075471698113206,0.6568627450980392,180,0.054505005561735265,,0.011627906976744186,1.0,,180,0.054505005561735265,0,,0.6638057770402304,0.0393148450244698,0,models/v2_bilingual/candidates/character_tfidf__multinomial_naive_bayes.joblib,dd405d06c01208bdbc5ebae6aca8f5653af3433e137423481d1ab265ecac9450,0.9914344995755523,-0.2731237169735866,0.9870689655172413,-0.3302062204192021,False
